"","conflict_id","location","start_year","end_year","conflict_years","death_toll","total_UNSC_res","total_UNSC_unanimous_res","UNSC_res_dummy","UNSC_res_unanimous_dummy","side_a","side_b","type_of_conflict","incompatibility","territory_name","region","conflict_name","al_ethnic","al_language","al_religion","mad_gdppc","atop_number","atop_ally","vdem_corr","vdem_delibdem","vdem_dl_delib","vdem_edcomp_thick","vdem_egal","vdem_egaldem","vdem_exbribe","vdem_excrptps","vdem_execorr","vdem_exembez","vdem_exthftps","vdem_gender","vdem_jucorrdc","vdem_libdem","vdem_liberal","vdem_mecorrpt","vdem_partip","vdem_partipdem","vdem_polyarchy","vdem_pubcorr"
"1",200,"Bolivia",1946,1968,22,1532,0,0,0,0,"Government of Bolivia","Popular Revolutionary Movement",3,2,NA,5,NA,0.73962506,0.2239819,0.2084686,1562,3,1,0.774737423,0.055017122,0.169163835,0.092977482,0.097597486,0.036341834,1.070162029,1.290675503,0.758625517,1.109008201,-0.827802469,0.113150292,1.453737941,0.048992774,0.159667234,1.136387537,0.161960519,0.052562326,0.12303851,0.682636278
"2",201,"Cambodia",1946,1954,8,200,0,0,0,0,"Government of France","Khmer Issarak",1,1,"Cambodia",3,NA,0.210464,0.2104394,0.0964534,NA,NA,NA,NA,NA,NA,NA,NA,NA,NA,NA,NA,NA,NA,NA,NA,NA,NA,NA,NA,NA,NA,NA
"3",202,"China",1946,1950,4,1200000,0,0,0,0,"Government of China","PLA",3,2,NA,3,NA,0.15379034,0.1326977,0.6642963,NA,1,1,0.798220097,0.106227057,0.352594913,0.049979144,0.246124951,0.070591733,1.699622298,1.238761305,0.711113761,0.840222371,-1.648086419,0.243233861,1.404654653,0.050051158,0.167933758,1.816099444,0.163136611,0.048308542,0.091805697,0.783596225
"4",203,"Greece",1946,1950,4,154000,5,2,1,0,"Government of Greece","DSE",3,2,NA,1,"Greek Civil War",0.1576301,0.0299515,0.1530306,1903,NA,NA,0.543807017,0.167828512,0.519778294,0.17319188,0.557370299,0.179500456,0.922743788,1.214328268,0.524411551,2.87411158,0.7604328,0.410400095,1.55459377,0.13632762,0.403352961,1.772024044,0.266778116,0.096822427,0.194562703,0.478780766
"5",204,"Indonesia",1946,1950,4,1029,13,2,1,0,"Government of Netherlands","Indonesian People's Army",1,1,"Indonesia",3,"Indonesian National Revolution",0.735134,0.7679988,0.2340266,NA,NA,NA,NA,NA,NA,NA,NA,NA,NA,NA,NA,NA,NA,NA,NA,NA,NA,NA,NA,NA,NA,NA
"6",205,"Iran",1946,1991,45,2525,0,0,0,0,"Government of Iran","KDPI",4,1,"Kurdistan",2,NA,0.6684,0.7462229,0.1151954,NA,2,1,0.42159175,0.120543377,0.413717307,0.116114299,0.248902374,0.079269404,2.078050534,2.321746162,0.495684252,1.938031604,1.099568901,0.166922435,2.449296211,0.097588269,0.317341658,1.568420222,0.171090938,0.057274016,0.138475099,0.256680403
"7",206,"Iran",1946,1947,1,20,3,2,1,0,"Government of Iran","Republic of Azerbaijan",4,1,"Azerbaijan",2,"Iran Crisis of 1946",0.6684,0.7462229,0.1151954,NA,2,1,0.42159175,0.120543377,0.413717307,0.116114299,0.248902374,0.079269404,2.078050534,2.321746162,0.495684252,1.938031604,1.099568901,0.166922435,2.449296211,0.097588269,0.317341658,1.568420222,0.171090938,0.057274016,0.138475099,0.256680403
"8",207,"Israel",1946,1947,1,92,0,0,0,0,"Government of United Kingdom","IZL [Etzel]",1,1,"Israel",2,NA,0.343593723,0.5524736,0.3468543,NA,NA,NA,NA,NA,NA,NA,NA,NA,NA,NA,NA,NA,NA,NA,NA,NA,NA,NA,NA,NA,NA,NA
"9",208,"Laos",1946,1954,8,200,0,0,0,0,"Government of France","Lao Issara",1,1,"Laos",3,NA,0.513862,0.6382066,0.5452628,NA,NA,NA,NA,NA,NA,NA,NA,NA,NA,NA,NA,NA,NA,NA,NA,NA,NA,NA,NA,NA,NA,NA
"10",209,"Philippines",1946,1991,45,29125,0,0,0,0,"Government of Philippines","Huk",3,2,NA,3,NA,0.238540732,0.8359525,0.3055925,NA,NA,NA,NA,NA,NA,NA,NA,NA,NA,NA,NA,NA,NA,NA,NA,NA,NA,NA,NA,NA,NA,NA
"11",210,"Russia (Soviet Union)",1946,1949,3,667,0,0,0,0,"Government of Russia (Soviet Union)","Forest Brothers",3,1,"Estonia",1,NA,NA,NA,NA,3822,NA,NA,NA,NA,NA,NA,NA,NA,NA,NA,NA,NA,NA,NA,NA,NA,NA,NA,NA,NA,NA,NA
"12",211,"Russia (Soviet Union)",1946,1947,1,557,0,0,0,0,"Government of Russia (Soviet Union)","LNPA, LTS(p)A",3,1,"Latvia",1,NA,NA,NA,NA,3822,NA,NA,NA,NA,NA,NA,NA,NA,NA,NA,NA,NA,NA,NA,NA,NA,NA,NA,NA,NA,NA,NA
"13",212,"Russia (Soviet Union)",1946,1949,3,8620,0,0,0,0,"Government of Russia (Soviet Union)","BDPS",3,1,"Lithuania",1,NA,NA,NA,NA,3822,NA,NA,NA,NA,NA,NA,NA,NA,NA,NA,NA,NA,NA,NA,NA,NA,NA,NA,NA,NA,NA,NA
"14",213,"Russia (Soviet Union)",1946,1951,5,17619,0,0,0,0,"Government of Russia (Soviet Union)","UPA",3,1,"Ukraine",1,NA,NA,NA,NA,3822,NA,NA,NA,NA,NA,NA,NA,NA,NA,NA,NA,NA,NA,NA,NA,NA,NA,NA,NA,NA,NA,NA
"15",214,"Thailand",1946,1947,1,102,0,0,0,0,"Government of France","Government of Thailand",2,1,"Northern Cambodia",3,NA,NA,NA,NA,5022,1,1,0.1210043,0.260726317,0.588334384,0.326006175,0.838043749,0.347155774,3.185162278,2.961623421,0.097143176,3.509442388,2.359651092,0.758060783,3.252368354,0.269295192,0.614546351,3.965622061,0.540977631,0.243132557,0.373566896,0.07679551
"16",215,"Albania",1946,1947,1,38,2,0,1,0,"Government of Albania","Government of United Kingdom",2,1,"Korfu Channel",1,"Corfu Channel Case",0.220426,0.0399248,0.4718516,NA,1,1,0.050465125,0.032247146,0.118979806,0.10661954,0.723501561,0.19332573,3.401388657,3.583682657,0.088933565,3.424434049,2.334331945,0.241531633,3.309070154,0.039935117,0.134120454,0.228354965,0.117828608,0.035823414,0.082325007,0.030650696
"17",216,"Vietnam",1946,1955,9,377523,0,0,0,0,"Government of France","Viet minh",1,1,"Vietnam",3,NA,NA,NA,NA,NA,NA,NA,NA,NA,NA,NA,NA,NA,NA,NA,NA,NA,NA,NA,NA,NA,NA,NA,NA,NA,NA,NA
"18",217,"China",1946,1948,2,1000,0,0,0,0,"Government of China","Taiwanese insurgents",3,1,"Taiwan",3,NA,0.15379034,0.1326977,0.6642963,NA,1,1,0.798220097,0.106227057,0.352594913,0.049979144,0.246124951,0.070591733,1.699622298,1.238761305,0.711113761,0.840222371,-1.648086419,0.243233861,1.404654653,0.050051158,0.167933758,1.816099444,0.163136611,0.048308542,0.091805697,0.783596225
"19",218,"India",1947,1991,44,25202,11,4,1,0,"Government of India","Government of Pakistan",2,1,"Kashmir",3,"Kashmir Conflict",0.4182,0.8069049,0.3260226,NA,NA,NA,NA,NA,NA,NA,NA,NA,NA,NA,NA,NA,NA,NA,NA,NA,NA,NA,NA,NA,NA,NA
"20",219,"Madagascar",1946,1948,2,6952,0,0,0,0,"Government of France","MDRM",1,1,"Malagasy",4,NA,0.8791,0.020432,0.5190879,NA,NA,NA,NA,NA,NA,NA,NA,NA,NA,NA,NA,NA,NA,NA,NA,NA,NA,NA,NA,NA,NA,NA
"21",220,"Paraguay",1946,1990,44,4110,0,0,0,0,"Government of Paraguay","Opposition coalition (Febreristas, Liberals and Communists)",3,2,NA,5,NA,0.1689,0.5975008,0.2122512,1496,2,1,0.92044003,0.060740881,0.178630454,0.161319401,0.139524641,0.050179954,0.109068266,0.308787312,0.961113255,0.236750784,-2.197459555,0.205470887,1.464363626,0.04461561,0.116261734,1.437944968,0.178823978,0.061694193,0.148417439,0.934151333
"22",221,"Myanmar",1948,1991,43,13850,0,0,0,0,"Government of Myanmar (Burma)","KNUP",3,1,"Karen",3,NA,0.506186,0.5072459,0.1973855,NA,NA,NA,0.46836948,0.228908475,0.68240241,0.195789979,0.410014099,0.149988728,2.19867463,1.664033303,0.368653713,2.677228875,0.557709416,0.376936929,2.152882818,0.151189865,0.413236705,2.908075701,0.430495044,0.154755307,0.237176542,0.430224978
"23",222,"Myanmar",1947,1991,44,17650,0,0,0,0,"Government of Myanmar (Burma)","CPB, CPB-RF, PVO - ""White Band"" faction",3,2,NA,3,NA,0.506186,0.5072459,0.1973855,NA,NA,NA,NA,NA,NA,NA,NA,NA,NA,NA,NA,NA,NA,NA,NA,NA,NA,NA,NA,NA,NA,NA
"24",223,"Myanmar",1947,1991,44,875,0,0,0,0,"Government of Myanmar (Burma)","APLP, Mujahid Party",3,1,"Arakan",3,NA,0.506186,0.5072459,0.1973855,NA,NA,NA,NA,NA,NA,NA,NA,NA,NA,NA,NA,NA,NA,NA,NA,NA,NA,NA,NA,NA,NA,NA
"25",224,"Myanmar",1948,1991,43,475,0,0,0,0,"Government of Myanmar (Burma)","MFL-MUF",3,1,"Mon",3,NA,0.506186,0.5072459,0.1973855,NA,NA,NA,0.46836948,0.228908475,0.68240241,0.195789979,0.410014099,0.149988728,2.19867463,1.664033303,0.368653713,2.677228875,0.557709416,0.376936929,2.152882818,0.151189865,0.413236705,2.908075701,0.430495044,0.154755307,0.237176542,0.430224978
"26",225,"Costa Rica",1947,1949,2,2000,0,0,0,0,"Government of Costa Rica","National Liberation Army",3,2,NA,5,NA,0.2368,0.0489116,0.2409582,2960,2,1,0.470354461,0.279356847,0.706278033,0.359726255,0.464566449,0.204926883,1.631348982,2.292453469,0.534254032,2.168617651,1.302083095,0.431344342,2.816995071,0.257684845,0.615020437,2.85446896,0.332063134,0.158023111,0.340006956,0.231515251
"27",226,"Hyderabad",1947,1949,2,2360,0,0,0,0,"Government of Hyderabad","Government of India",2,1,"Hyderabad",3,NA,0.4182,0.8069049,0.3260226,NA,NA,NA,NA,NA,NA,NA,NA,NA,NA,NA,NA,NA,NA,NA,NA,NA,NA,NA,NA,NA,NA,NA
"28",227,"India",1947,1991,44,4837,0,0,0,0,"Government of India","CPI",3,2,NA,3,NA,0.4182,0.8069049,0.3260226,NA,NA,NA,NA,NA,NA,NA,NA,NA,NA,NA,NA,NA,NA,NA,NA,NA,NA,NA,NA,NA,NA,NA
"29",228,"Israel",1947,1950,3,21111,0,0,0,0,"Government of Egypt, Government of Iraq, Government of Jordan, Government of Lebanon, Government of Syria","Government of Israel",2,1,"Palestine",2,NA,0.183592,0.023699,0.19788,NA,2,1,0.624609554,0.14469946,0.428536997,0.208118694,0.18211944,0.071555461,1.116154225,1.74524247,0.817662596,0.607900189,0.34488175,0.316724975,1.860389616,0.186923701,0.582732947,2.768201379,0.177876974,0.0702363,0.193459317,0.445347977
"30",229,"Malaysia",1947,1958,11,10845,0,0,0,0,"Government of United Kingdom","CPM",1,1,"Malaya",3,NA,NA,NA,NA,NA,NA,NA,NA,NA,NA,NA,NA,NA,NA,NA,NA,NA,NA,NA,NA,NA,NA,NA,NA,NA,NA,NA
"31",230,"North Yemen",1947,1983,36,14175,1,0,1,0,"Government of Yemen (North Yemen)","Opposition coalition",3,2,NA,2,NA,NA,NA,NA,NA,3,1,0.301887064,0.005166652,0.014293117,0.004842699,0.065888601,0.017344059,2.558758329,2.921669816,0.521981026,1.231416848,0.906614813,0.042695762,2.832197419,0.013607641,0.050357568,0.980803213,0.152480988,0.039256474,0.025301103,0.17623187
"32",231,"Myanmar",1948,1991,43,15450,0,0,0,0,"Government of Myanmar (Burma)","PNDF",3,1,"Kachin",3,NA,0.506186,0.5072459,0.1973855,NA,NA,NA,0.46836948,0.228908475,0.68240241,0.195789979,0.410014099,0.149988728,2.19867463,1.664033303,0.368653713,2.677228875,0.557709416,0.376936929,2.152882818,0.151189865,0.413236705,2.908075701,0.430495044,0.154755307,0.237176542,0.430224978
"33",232,"Taiwan",1948,1959,11,11525,1,0,1,0,"Government of China","Government of Taiwan",2,3,"Taiwan strait",3,"Taiwan Strait Crisis",0.15379034,0.1326977,0.6642963,NA,1,1,0.751023525,0.115068751,0.359439107,0.194825205,0.262389086,0.091441201,1.699622298,1.238761305,0.711113761,0.840222371,-1.648086419,0.243250844,1.404654653,0.063283336,0.165222818,1.816099444,0.163136611,0.062789638,0.179338045,0.783596225
"34",233,"Guatemala",1948,1991,43,44863,6,6,1,1,"Government of Guatemala","Military faction (Guatemala)",3,2,NA,5,"Taiwan Strait Crisis",0.5122,0.4585927,0.3753242,2031,3,1,0.609878527,0.340636939,0.803127886,0.4376368,0.287505874,0.164153016,2.363400563,1.260594035,0.3565085,2.584976735,-0.977513574,0.26793489,2.22945627,0.235780886,0.485717689,2.159074927,0.431443441,0.21526135,0.39651589,0.718475474
"35",234,"Israel",1948,1991,43,10948,158,68,1,0,"Government of Israel","Palestinian insurgents",3,1,"Palestine",2,"Israeli-Palestinian Conflict",0.343593723,0.5524736,0.3468543,NA,NA,NA,0.189521934,0.208896148,0.57790077,0.215855522,0.69610973,0.233991071,3.321526102,2.693547613,0.210886309,2.440025727,0.636085866,0.645717712,3.125088212,0.254106237,0.76676321,3.141106543,0.262416662,0.102122176,0.23549124,0.250748644
"36",235,"North Korea",1948,1954,6,995025,5,0,1,0,"Government of North Korea","Government of South Korea",2,1,"Korea",3,"Korean War",0.0392,0.0027637,0.4891185,NA,NA,NA,NA,NA,NA,NA,NA,NA,NA,NA,NA,NA,NA,NA,NA,NA,NA,NA,NA,NA,NA,NA
"37",236,"China",1949,1960,11,20000,0,0,0,0,"Government of China","Tibet",3,1,"Tibet",3,NA,0.15379034,0.1326977,0.6642963,NA,1,1,0.534459632,0.114994123,0.364939734,0.183422952,0.346376333,0.108052864,2.328517945,1.774207191,0.512221568,1.555593687,-0.474261401,0.256076844,2.271933779,0.038291921,0.110658268,0.905799909,0.155955993,0.055626822,0.151988314,0.554266957
"38",237,"Indonesia",1949,1951,2,1000,0,0,0,0,"Government of Indonesia","Republic of South Moluccas",3,1,"South Moluccas",3,NA,0.735134,0.7679988,0.2340266,NA,NA,NA,NA,NA,NA,NA,NA,NA,NA,NA,NA,NA,NA,NA,NA,NA,NA,NA,NA,NA,NA,NA
"39",238,"United States of America",1949,1951,2,34,0,0,0,0,"Government of United States of America","Puerto Rican Nationalist Party",1,1,"Puerto Rico",5,NA,0.49011113,0.251370664,0.8240782,14112,3,1,0.080334752,0.485140773,0.81455051,0.678439766,0.477781209,0.339054874,3.42336655,3.038911387,0.047011263,3.790117562,2.338007977,0.54847151,3.130939838,0.532645863,0.881366297,3.550516284,0.616647829,0.402999594,0.608269084,0.068083378
"40",239,"Egypt",1950,1953,3,183,0,0,0,0,"Government of Egypt","Government of United Kingdom",2,1,"Suez",2,NA,0.183592,0.023699,0.19788,1983,3,1,0.607398526,0.151635661,0.419403539,0.24109655,0.311278288,0.116019756,1.116154225,1.852041695,0.764758307,0.99346296,0.34488175,0.305010434,1.860389616,0.199404681,0.592774806,2.768201379,0.172556029,0.075093574,0.223221023,0.427632942
"41",240,"Thailand",1950,1983,33,3450,0,0,0,0,"Government of Thailand","Military faction (navy)",3,2,NA,3,NA,0.633824,0.634444,0.099422,991,1,1,0.849700746,0.067248231,0.212709075,0.175164617,0.141932405,0.05134115,0.204928902,0.929681744,0.918346754,0.609390917,-1.976609148,0.334277996,2.048337587,0.109620436,0.358528109,1.131784011,0.060207047,0.028872262,0.14717046,0.852439083
"42",241,"Kenya",1951,1957,6,12955,0,0,0,0,"Government of United Kingdom","Mau Mau",1,1,"Kenya",4,NA,0.8588,0.8860157,0.776517,NA,NA,NA,NA,NA,NA,NA,NA,NA,NA,NA,NA,NA,NA,NA,NA,NA,NA,NA,NA,NA,NA,NA
"43",242,"Cuba",1952,1962,10,1205,1,0,1,0,"Government of Cuba","M-26-7",3,2,NA,5,"Cuban Revolution",0.5908,NA,0.5059358,4142,2,1,0.711424798,0.280657507,0.841592766,0.229203646,0.238896175,0.097970022,0.88555274,1.012961947,0.776600285,1.157500029,-0.175290485,0.583436027,1.736545317,0.186913664,0.529692929,2.119947052,0.567046789,0.196778602,0.236863154,0.650507517
"44",243,"Indonesia",1952,1962,10,33965,0,0,0,0,"Government of Indonesia","Darul Islam",3,2,NA,3,NA,0.735134,0.7679988,0.2340266,1285,NA,NA,0.764300613,0.268055615,0.847299253,0.104578568,0.430094041,0.144656599,0.81006002,1.178280352,0.723169444,1.712995631,-0.929648429,0.347954638,1.540835754,0.170555382,0.52536245,2.974312433,0.284805358,0.100285896,0.198399419,0.712799694
"45",244,"Morocco",1952,1957,5,100,0,0,0,0,"Government of France","Istiqlal",1,1,"Morocco",4,NA,0.484057179,0.468344,0.0034627,NA,NA,NA,NA,NA,NA,NA,NA,NA,NA,NA,NA,NA,NA,NA,NA,NA,NA,NA,NA,NA,NA,NA
"46",245,"Tunisia",1952,1957,5,2000,0,0,0,0,"Government of France","National Liberation Army",1,1,"Tunisia",4,NA,0.0394,0.012422,0.0103731,NA,NA,NA,NA,NA,NA,NA,NA,NA,NA,NA,NA,NA,NA,NA,NA,NA,NA,NA,NA,NA,NA,NA
"47",246,"Algeria",1953,1963,10,182526,0,0,0,0,"Government of France","FLN",1,1,"Algeria",4,NA,0.3394,0.4426619,0.0091285,NA,NA,NA,NA,NA,NA,NA,NA,NA,NA,NA,NA,NA,NA,NA,NA,NA,NA,NA,NA,NA,NA,NA
"48",247,"Argentina",1954,1978,24,5502,0,0,0,0,"Government of Argentina","Military faction (forces of Eduardo A. Lonardi Doucet), Military faction (forces of Samuel Toranzo Calderí_n)",3,2,NA,5,NA,0.255,0.0617542,0.2236207,8249,2,1,0.393541858,0.207599601,0.444420068,0.597539175,0.710335803,0.297983923,1.47207654,2.172742133,0.519847577,2.441600772,0.421361493,0.653112309,2.795300391,0.213658448,0.46314712,0.24486177,0.530970612,0.241547956,0.369560318,0.359643291
"49",248,"Cyprus",1954,1960,6,373,0,0,0,0,"Government of United Kingdom","EOKA",1,1,"Cyprus",1,NA,NA,NA,NA,NA,NA,NA,NA,NA,NA,NA,NA,NA,NA,NA,NA,NA,NA,NA,NA,NA,NA,NA,NA,NA,NA,NA
"50",249,"South Vietnam",1954,1965,11,164923,0,0,0,0,"Government of South Vietnam","FNL",3,1,"South Vietnam",3,NA,NA,NA,NA,NA,NA,NA,NA,NA,NA,NA,NA,NA,NA,NA,NA,NA,NA,NA,NA,NA,NA,NA,NA,NA,NA,NA
"51",250,"Hungary",1955,1957,2,3171,1,0,1,0,"Government of Hungary","Government of Russia (Soviet Union)",2,2,NA,1,"Hungarian Revolution",0.1522,0.0296652,0.524375,3539,6,1,0.370544502,0.033717943,0.07401921,0.231848271,0.82356734,0.241213821,2.774268686,1.717170102,0.269165068,2.662608372,1.123947519,0.460233905,1.854209552,0.087285421,0.26814311,0.078579617,0.144255366,0.053007039,0.153273945,0.343814905
"52",251,"India",1955,1991,36,2615,0,0,0,0,"Government of India","NNC",3,1,"Nagaland",3,NA,0.4182,0.8069049,0.3260226,1392,1,1,0.218036009,0.538694527,0.769838433,0.744691579,0.569931214,0.428186724,2.64588689,2.644157138,0.306410564,2.615280526,0.838250791,0.518377068,3.191502639,0.510245871,0.727623979,3.302683209,0.500964645,0.396165352,0.675289587,0.231073119
"53",252,"Egypt",1955,1957,2,2142,2,1,1,0,"Government of Egypt","Government of France, Government of Israel, Government of United Kingdom",2,1,"Suez",2,"Suez Crisis",0.183592,0.023699,0.19788,1467,5,1,0.636512418,0.108543082,0.415023538,0.071125483,0.451201917,0.117809984,1.897469503,1.394337701,0.496156165,2.09615608,-0.900437033,0.365900723,1.860389616,0.084517792,0.32019387,2.008657647,0.14865041,0.040444293,0.057452215,0.672049406
"54",253,"Myanmar",1956,1991,35,50,0,0,0,0,"Government of Myanmar (Burma)","KNPP",3,1,"Karenni",3,NA,0.506186,0.5072459,0.1973855,686,NA,NA,0.452040466,0.346204394,0.672927287,0.486457306,0.397388926,0.22563661,2.19867463,1.664033303,0.368653713,2.677228875,0.557709416,0.387941447,2.152882818,0.299686243,0.602598989,2.908075701,0.461853323,0.247691127,0.4458956,0.430224978
"55",254,"Cameroon",1956,1960,4,11700,0,0,0,0,"Government of France","UPC",1,1,"Cameroon",4,NA,0.86349,0.8897894,0.7337534,NA,NA,NA,NA,NA,NA,NA,NA,NA,NA,NA,NA,NA,NA,NA,NA,NA,NA,NA,NA,NA,NA,NA
"56",255,"Honduras",1956,1958,2,40,0,0,0,0,"Government of Honduras","Government of Nicaragua",2,1,"Common Border",5,NA,0.1867,0.055289,0.2357165,1993,2,1,0.832065159,0.054283049,0.146471624,0.157937775,0.224023693,0.080391738,0.763130585,0.698572418,0.852819878,0.6214254,-1.689982272,0.35381855,1.709078971,0.089377921,0.255829773,2.012388438,0.448970733,0.144077573,0.180547112,0.858353117
"57",256,"Mauritania",1956,1959,3,50,0,0,0,0,"Government of France","NLA",1,1,"Morocco/Mauritania",4,NA,0.615,0.3259653,0.0148691,NA,NA,NA,NA,NA,NA,NA,NA,NA,NA,NA,NA,NA,NA,NA,NA,NA,NA,NA,NA,NA,NA,NA
"58",257,"Morocco",1956,1959,3,50,0,0,0,0,"Government of Spain","NLA",1,1,"Morocco/Spanish territories",4,NA,0.615,0.3259653,0.0148691,NA,NA,NA,NA,NA,NA,NA,NA,NA,NA,NA,NA,NA,NA,NA,NA,NA,NA,NA,NA,NA,NA,NA
"59",258,"Oman",1956,1958,2,31,0,0,0,0,"Government of Oman","State of Oman/Free Oman",4,1,"Oman",2,NA,0.437256,0.3567431,0.4321768,1671,NA,NA,0.459585672,0.006014002,0.024779003,0.003662383,0.092758895,0.023389616,2.771691801,1.652904416,0.512931144,0.96239389,-0.932680053,0.074117552,2.839210281,0.019726598,0.07831138,0.102199652,0.114021695,0.028737143,0.008803257,0.637121358
"60",259,"Iraq",1957,1991,34,3406,0,0,0,0,"Government of Iraq","Military faction (free Officers Movement)",3,2,NA,2,NA,0.36891,0.3694473,0.4843678,4989,5,1,0.619055292,0.16269413,0.478393933,0.262926387,0.419216061,0.149393005,0.664969184,1.310815721,0.810713823,1.119810251,-0.60948916,0.315946123,2.846377661,0.183688984,0.531685862,1.653972738,0.246847389,0.099667368,0.228804123,0.650092932
"61",260,"Lebanon",1957,1991,34,145400,40,25,1,0,"Government of Lebanon","Independent Nasserite Movement",3,2,NA,2,"South Lebanon Conflict",0.1314,0.1312225,0.7886458,10195,2,1,0.639065334,0.247796612,0.533422702,0.448255133,0.503892683,0.237460409,0.826922491,1.172821263,0.72899543,1.655874697,0.50130258,0.486206948,2.186692843,0.213760319,0.441145009,1.905876208,0.10647921,0.094597276,0.383920535,0.523823715
"62",261,"Malaysia",1957,1982,25,560,0,0,0,0,"Government of Malaysia","CPM",4,2,NA,3,NA,NA,NA,NA,NA,NA,NA,NA,NA,NA,NA,NA,NA,NA,NA,NA,NA,NA,NA,NA,NA,NA,NA,NA,NA,NA,NA
"63",262,"Laos",1958,1991,33,21555,1,0,1,0,"Government of Laos","Pathet Lao",3,2,NA,3,NA,0.513862,0.6382066,0.5452628,676,NA,NA,0.833822001,0.180109843,0.39493673,0.404012868,0.210314066,0.116984141,0.560810621,0.832197516,0.899909414,0.377965582,-1.593758981,0.268208592,1.858993016,0.165745371,0.357384195,1.73607441,0.17514041,0.10343991,0.335348526,0.832399226
"64",263,"Angola",1960,1975,15,79000,6,1,1,0,"Government of Portugal","FNLA, MPLA",1,1,"Angola",4,"Angolan War of Independence",0.78672,0.7870192,0.6276435,NA,NA,NA,NA,NA,NA,NA,NA,NA,NA,NA,NA,NA,NA,NA,NA,NA,NA,NA,NA,NA,NA,NA
"65",264,"Myanmar",1958,1989,31,7500,0,0,0,0,"Government of Myanmar (Burma)","NSH",3,1,"Shan",3,NA,0.506186,0.5072459,0.1973855,684,NA,NA,0.467735195,0.327514432,0.673738413,0.466617697,0.361356656,0.20297363,2.19867463,1.664033303,0.368653713,2.677228875,0.557709416,0.386219361,2.152882818,0.289778781,0.594514626,2.908075701,0.463389031,0.238660039,0.423725641,0.430224978
"66",265,"DR Congo (Zaire)",1960,1963,3,608,4,0,1,0,"Government of DR Congo (Zaire)","State of Katanga",3,1,"Katanga",4,"Congo Crisis",0.874726,0.8704723,0.702141,NA,NA,NA,NA,NA,NA,NA,NA,NA,NA,NA,NA,NA,NA,NA,NA,NA,NA,NA,NA,NA,NA,NA
"67",266,"DR Congo (Zaire)",1960,1963,3,75,6,1,1,0,"Government of DR Congo (Zaire)","Independent Mining State of South Kasai",3,1,"South Kasai",4,"Congo Crisis",0.874726,0.8704723,0.702141,NA,NA,NA,NA,NA,NA,NA,NA,NA,NA,NA,NA,NA,NA,NA,NA,NA,NA,NA,NA,NA,NA,NA
"68",267,"Ethiopia",1959,1991,32,16324,0,0,0,0,"Government of Ethiopia","Military faction (forces of Mengistu Neway)",3,2,NA,4,NA,NA,NA,NA,727,NA,NA,0.719927101,0.024729594,0.075367294,0.151967443,0.145523776,0.04509438,0.886820352,1.438749189,0.863064139,0.438710618,-1.531756381,0.16193349,1.922355614,0.036129948,0.112275457,2.090712727,0.061528772,0.022890563,0.0990653,0.746622627
"69",268,"Ethiopia",1963,1981,18,2152,0,0,0,0,"Government of Ethiopia","Government of Somalia",2,1,"Ogaden",4,NA,NA,NA,NA,874,1,1,0.719927101,0.024768743,0.075367294,0.153344538,0.141519411,0.044228966,0.886820352,1.438749189,0.863064139,0.438710618,-1.531756381,0.185401174,1.922355614,0.03882094,0.121899797,2.090712727,0.061528772,0.02343977,0.100827508,0.746622627
"70",269,"Nepal",1959,1963,4,250,0,0,0,0,"Government of Nepal","NC",3,2,NA,3,NA,0.663222,0.716687,0.1416818,683,NA,NA,0.709071338,0.225012221,0.650054161,0.301787684,0.195398795,0.083028538,0.801980066,1.405674536,0.803256907,0.99045082,-1.120892159,0.203871017,1.54035628,0.153854771,0.434110936,0.395298527,0.124231599,0.062543388,0.225545224,0.698108707
"71",270,"France",1960,1963,3,2360,0,0,0,0,"Government of France","OAS",3,2,NA,1,NA,NA,NA,NA,10284,9,1,0.094670484,0.608301053,0.755446311,0.85731904,0.854860789,0.65989373,3.203546629,2.961623421,0.105518923,3.439538622,2.359651092,0.841493053,3.292427613,0.663812147,0.854629812,3.965622061,0.654287493,0.547586449,0.775411487,0.07679551
"72",271,"Iraq",1960,1991,31,25000,0,0,0,0,"Government of Iraq","KDP",3,1,"Kurdistan",2,NA,0.36891,0.3694473,0.4843678,6053,3,1,0.541955202,0.119056938,0.437734933,0.08173257,0.503702063,0.140068489,0.672334919,1.621576844,0.780809743,1.370615815,-0.858649805,0.377652127,2.824637006,0.086742825,0.302332391,0.70943307,0.177859349,0.054222181,0.103273615,0.628426224
"73",272,"Tunisia",1960,1962,2,1394,1,1,1,1,"Government of France","Government of Tunisia",2,1,"Bizerte",4,"Bizerte Crisis",NA,NA,NA,10284,9,1,0.094670484,0.608301053,0.755446311,0.85731904,0.854860789,0.65989373,3.203546629,2.961623421,0.105518923,3.439538622,2.359651092,0.841493053,3.292427613,0.663812147,0.854629812,3.965622061,0.654287493,0.547586449,0.775411487,0.07679551
"74",273,"Brunei",1961,1963,2,45,0,0,0,0,"Government of United Kingdom","North Kalimantan Liberation Army",1,1,"North Borneo",3,NA,0.5416,0.3437908,0.4404053,NA,NA,NA,NA,NA,NA,NA,NA,NA,NA,NA,NA,NA,NA,NA,NA,NA,NA,NA,NA,NA,NA,NA
"75",274,"China",1961,1968,7,2115,0,0,0,0,"Government of China","Government of India",2,1,"Aksai Chin, Arunachal Pradesh",3,NA,0.15379034,0.1326977,0.6642963,799,9,1,0.21317692,0.035765346,0.122005657,0.126940833,0.604278222,0.159682004,2.969203004,2.170385999,0.255585141,2.526261565,0.715700392,0.515906706,3.299974898,0.026730366,0.088504623,0.100450215,0.038823467,0.014095244,0.072653324,0.32564303
"76",275,"Ethiopia",1963,1991,28,150000,0,0,0,0,"Government of Ethiopia","ELF",3,1,"Eritrea",4,NA,NA,NA,NA,874,1,1,0.719927101,0.024768743,0.075367294,0.153344538,0.141519411,0.044228966,0.886820352,1.438749189,0.863064139,0.438710618,-1.531756381,0.185401174,1.922355614,0.03882094,0.121899797,2.090712727,0.061528772,0.02343977,0.100827508,0.746622627
"77",276,"Indonesia",1961,1963,2,100,0,0,0,0,"Government of Indonesia","Government of Netherlands",2,1,"West New Guinea",3,NA,0.735134,0.7679988,0.2340266,1577,1,1,0.803504705,0.109964504,0.337852174,0.168869615,0.399676196,0.125539164,0.635090749,0.985546683,0.777155095,1.468860902,-1.138957072,0.35464452,1.540835754,0.093526875,0.286721378,2.921569791,0.244840708,0.082749841,0.163244377,0.767446336
"78",277,"Venezuela",1961,1991,30,426,0,0,0,0,"Government of Venezuela","Military faction (navy)",3,2,NA,5,NA,0.4966,0.0685801,0.1350304,5727,3,1,0.623671252,0.584137399,0.808248794,0.761690688,0.612984025,0.470055378,1.691632303,2.277175566,0.487543966,2.427806324,-0.198890826,0.667651538,1.496858011,0.574231045,0.80087124,3.327767195,0.535806672,0.42794137,0.706359093,0.42929286
"79",278,"Algeria",1962,1964,2,500,0,0,0,0,"Government of Algeria","Government of Morocco",2,1,"Common Border",4,NA,0.3394,0.4426619,0.0091285,NA,NA,NA,NA,NA,NA,NA,NA,NA,NA,NA,NA,NA,NA,NA,NA,NA,NA,NA,NA,NA,NA,NA
"80",279,"Guinea-Bissau",1962,1974,12,15000,6,1,1,0,"Government of Portugal","PAIGC",1,1,"Guinea-Bissau",4,"Guinea-Bissau War of Independence",0.808214,0.8141338,0.6128237,NA,NA,NA,NA,NA,NA,NA,NA,NA,NA,NA,NA,NA,NA,NA,NA,NA,NA,NA,NA,NA,NA,NA
"81",280,"Malaysia",1962,1967,5,100,0,0,0,0,"Government of Malaysia","CCO",3,1,"North Borneo",3,NA,NA,NA,NA,NA,NA,NA,NA,NA,NA,NA,NA,NA,NA,NA,NA,NA,NA,NA,NA,NA,NA,NA,NA,NA,NA,NA
"82",281,"Indonesia",1962,1967,5,740,0,0,0,0,"Government of Indonesia","Government of Malaysia",2,1,"North Borneo",3,NA,0.735134,0.7679988,0.2340266,1422,1,1,0.803504705,0.109964504,0.337852174,0.168869615,0.399676196,0.125539164,0.635090749,0.985546683,0.777155095,1.468860902,-1.138957072,0.35464452,1.540835754,0.097382157,0.299069958,2.921569791,0.244840708,0.082749841,0.163244377,0.767446336
"83",282,"Sudan",1962,1972,10,10000,0,0,0,0,"Government of Sudan","SSLM",3,1,"Southern Sudan",4,NA,0.714712,0.7189638,0.4307163,2113,1,1,0.336734263,0.030719625,0.106444954,0.075529199,0.2659266,0.073213122,3.024987207,2.764352281,0.171715072,3.108927499,1.181777973,0.194199576,2.049181374,0.05513972,0.197201045,0.265099371,0.138692451,0.039938047,0.078203816,0.180524883
"84",283,"DR Congo (Zaire)",1963,1979,16,8189,4,3,1,0,"Government of DR Congo (Zaire)","CNL",3,2,NA,4,"Congo Crisis",0.874726,0.8704723,0.702141,2150,NA,NA,0.580200102,0.187741322,0.470701599,0.394392235,0.243910289,0.122179162,1.786338133,1.533707537,0.566308143,1.817454937,-0.734218457,0.263757976,2.481775801,0.155938494,0.351477156,2.020143987,0.366773915,0.163666852,0.317992049,0.625321648
"85",284,"Gabon",1963,1964,1,30,0,0,0,0,"Government of Gabon","Military faction (forces loyal to Lí©on M'Ba)",4,2,NA,4,NA,0.76896,0.7820833,0.6674408,6203,2,1,0.832168847,0.190582586,0.521210162,0.366556082,0.271624297,0.107163808,1.685705058,0.796903687,0.734076697,0.715655377,-1.159139881,0.353767537,1.265362257,0.125588964,0.339011701,0.525058474,0.243083018,0.096922484,0.229867995,0.796930556
"86",285,"Mozambique",1963,1975,12,13500,5,1,1,0,"Government of Portugal","Frelimo",1,1,"Mozambique",4,"Mozambican War of Independence",0.693216,0.8124972,0.675908,NA,NA,NA,NA,NA,NA,NA,NA,NA,NA,NA,NA,NA,NA,NA,NA,NA,NA,NA,NA,NA,NA,NA
"87",286,"South Yemen",1963,1968,5,571,1,0,1,0,"Government of United Kingdom","FLOSY",1,1,"Aden/South Yemen",2,"Aden Emergency",NA,NA,NA,NA,NA,NA,NA,NA,NA,NA,NA,NA,NA,NA,NA,NA,NA,NA,NA,NA,NA,NA,NA,NA,NA,NA
"88",287,"Burundi",1964,1991,27,350,0,0,0,0,"Government of Burundi","Military faction (forces loyal to Gervais Nyangoma)",3,2,NA,4,NA,0.295144,0.2976615,0.5158263,881,NA,NA,0.425083142,0.104625337,0.266320157,0.241579978,0.333615389,0.119219826,2.060424601,2.415708736,0.364579558,2.776437158,0.147775906,0.193469128,1.287812311,0.155326353,0.455694412,1.396426711,0.192068705,0.077757993,0.214112224,0.356885544
"89",288,"Chad",1965,1991,26,34000,1,1,1,1,"Government of Chad","Frolinat",3,2,NA,4,"Chadian Conflict",0.862016,0.8635251,0.6410788,1390,1,1,0.564420106,0.095473276,0.256802531,0.305641983,0.349796649,0.120030764,1.188858976,1.265927518,0.73550293,1.157718509,-0.74663159,0.32370915,2.903037852,0.093537042,0.25866734,0.872852052,0.244353256,0.089649255,0.197218302,0.678129921
"90",289,"Colombia",1963,1991,28,8154,0,0,0,0,"Government of Colombia","FARC",3,2,NA,5,NA,0.6014,0.0192682,0.1478351,3518,3,1,0.669488338,0.165288508,0.299298641,0.462439257,0.193770822,0.125360466,1.33293601,1.855777154,0.523557501,2.542482572,-0.038191313,0.395404604,1.651116324,0.259990873,0.56396562,2.477868696,0.237259806,0.14079583,0.384648149,0.478921344
"91",290,"Dominican Republic",1964,1966,2,4027,2,1,1,0,"Government of Dominican Republic","Military faction (constitutionalists)",3,2,NA,5,"Dominican Civil War",0.4294,0.0394729,0.3118443,2120,2,1,0.835130632,0.045181568,0.10641158,0.171237397,0.275833677,0.091021485,0.327229222,0.404954517,0.895164441,0.720836784,-2.375578542,0.429327313,1.967765968,0.068676068,0.197425121,1.129426369,0.444962857,0.137212015,0.160741724,0.931352333
"92",291,"Indonesia",1964,1985,21,9625,0,0,0,0,"Government of Indonesia","OPM",3,1,"West Papua",3,NA,0.735134,0.7679988,0.2340266,1160,1,1,0.803504705,0.106135982,0.343736174,0.168869615,0.399676196,0.125539164,0.635090749,0.985546683,0.777155095,1.468860902,-1.138957072,0.35464452,1.540835754,0.09425377,0.289349083,2.921569791,0.244840708,0.082749841,0.163244377,0.767446336
"93",292,"Peru",1964,1991,27,14740,0,0,0,0,"Government of Peru","ELN, MIR",3,2,NA,5,NA,0.656577,0.3358169,0.1987815,2989,2,1,0.469025851,0.242149634,0.482540723,0.473742916,0.228449908,0.161135556,2.793349929,1.507154096,0.264895129,2.73408895,-0.202409524,0.489428973,2.601558834,0.363201684,0.739997566,2.075912386,0.370611029,0.213137051,0.450763702,0.561530654
"94",293,"North Vietnam",1964,1976,12,1461050,0,0,0,0,"Government of South Vietnam","Government of Vietnam (North Vietnam)",2,1,"South Vietnam",3,NA,NA,NA,NA,NA,1,1,0.679410819,0.182766645,0.615587792,0.177438402,0.312063935,0.102467022,1.226203726,1.507884427,0.664200911,1.737862754,-0.455129832,0.426321404,1.785076112,0.070816691,0.197926002,2.744269869,0.399519896,0.125977238,0.169155198,0.595614958
"95",294,"Cambodia",1976,1979,3,120,0,0,0,0,"Government of Cambodia (Kampuchea)","Government of Thailand",2,1,"Common Border",3,NA,0.210464,0.2104394,0.0964534,692,NA,NA,0.156968471,0.010584162,0.011107507,0.203629212,0.196943412,0.05981467,2.843223633,1.67693434,0.160740738,3.324928146,3.040137786,0.139852294,2.981307266,0.007028181,0.012861986,0.060563617,0.055987385,0.022557951,0.107193515,0.154243865
"96",295,"Ghana",1965,1984,19,83,0,0,0,0,"Government of Ghana","NLC",3,2,NA,4,NA,0.673332,0.6730879,0.7986752,2567,1,1,0.588722983,0.169889508,0.402067381,0.377947926,0.554779965,0.207873579,1.405845944,1.852066922,0.616372031,1.829081415,-0.592827206,0.566790555,1.835980866,0.230100426,0.620174418,2.69512247,0.260025756,0.1156314,0.282163573,0.561623931
"97",296,"India",1965,1969,4,1500,0,0,0,0,"Government of India","MNF",3,1,"Mizoram",3,NA,0.4182,0.8069049,0.3260226,1277,1,1,0.221919764,0.541383224,0.792709173,0.750014431,0.56364521,0.430505616,2.64588689,2.50621308,0.304589346,2.60289721,0.888608746,0.537245071,3.191502639,0.506620233,0.729555148,3.345984732,0.502327373,0.38985961,0.674894398,0.24962387
"98",297,"Nigeria",1965,1967,2,20,0,0,0,0,"Government of Nigeria","Military faction (forces of Patrick Nzeogwu)",3,2,NA,4,NA,0.85046,0.850346285,0.7421445,3186,NA,NA,0.845855067,0.172180874,0.43395873,0.202887971,0.310371005,0.120994461,0.431030163,0.763035749,0.874167374,0.76277866,-1.68780764,NA,1.902529954,0.185372804,0.521632413,2.264254275,0.476130622,0.170878429,0.244130292,0.851296279
"99",298,"South Africa",1965,1989,24,10000,42,19,1,0,"Government of South Africa","SWAPO",3,1,"Namibia",4,"South African Border War",0.751742872,0.86524,0.8602599,6748,1,1,0.420626344,0.152013596,0.421372555,0.250403037,0.078722927,0.045109431,2.198151901,1.557922032,0.362641231,2.68727771,0.2111394,0.245574182,2.713546802,0.103711294,0.277473376,2.502260118,0.419847063,0.145480877,0.21222374,0.496809055
"100",299,"Syria",1965,1983,18,2275,0,0,0,0,"Government of Syria","Military faction (forces loyal to Nureddin Atassi and Youssef Zeayen)",3,2,NA,2,NA,0.539922,0.1816702,0.4309792,2963,2,1,0.397245058,0.078400113,0.24847395,0.186448862,0.471489982,0.141652812,1.919716257,2.05000787,0.459007574,2.385625503,0.695033218,0.390997783,2.97059826,0.067101783,0.196446141,1.370401144,0.137169601,0.050409334,0.147540232,0.34996357
"101",300,"Cambodia",1966,1991,25,367075,3,3,1,1,"Government of Cambodia (Kampuchea)","KR",3,2,NA,3,"Cambodian Civil War",0.210464,0.2104394,0.0964534,802,1,1,0.447025488,0.179503304,0.446117835,0.393621858,0.332050964,0.143713015,2.14457853,2.307178132,0.417010615,2.387217358,1.067950709,0.379320134,2.288034612,0.149077803,0.358435916,1.811865971,0.159446452,0.086020928,0.283199465,0.261257401
"102",301,"Israel",1966,1968,2,1349,5,5,1,1,"Government of Israel","Government of Jordan",2,1,"West Bank",2,"Six-Day War",0.343593723,0.5524736,0.3468543,9448,NA,NA,0.189521934,0.441177674,0.630047416,0.82459201,0.688653999,0.478879763,3.321526102,2.693547613,0.210886309,2.440025727,0.636085866,0.74288223,3.125088212,0.532027085,0.786485512,3.141106543,0.570050391,0.417472189,0.665303992,0.250748644
"103",302,"Israel",1966,1974,8,5361,14,7,1,0,"Government of Israel","Government of Syria",2,1,"Golan Heights",2,"Six-Day War",0.343593723,0.5524736,0.3468543,9448,NA,NA,0.189521934,0.441177674,0.630047416,0.82459201,0.688653999,0.478879763,3.321526102,2.693547613,0.210886309,2.440025727,0.636085866,0.74288223,3.125088212,0.532027085,0.786485512,3.141106543,0.570050391,0.417472189,0.665303992,0.250748644
"104",303,"Nigeria",1966,1971,5,75000,0,0,0,0,"Government of Nigeria","Republic of Biafra",3,1,"Biafra",4,NA,0.85046,0.850346285,0.7421445,2977,NA,NA,0.815495637,0.122966119,0.376099045,0.16366829,0.310371005,0.111611517,0.431030163,0.763035749,0.874167374,0.76277866,-1.68780764,0.486307613,1.897681488,0.100182021,0.272884409,2.264254275,0.458094043,0.1534091,0.207428816,0.851296279
"105",304,"China",1968,1970,2,300,0,0,0,0,"Government of China","Government of Myanmar (Burma)",2,1,"Common Border",3,NA,0.15379034,0.1326977,0.6642963,1093,10,1,0.247415728,0.020525606,0.062806409,0.12859337,0.666186228,0.175335071,3.219071939,2.170385999,0.213381382,2.526261565,0.715700392,0.486258845,3.160042919,0.023099816,0.074731677,0.054780078,0.040625304,0.014415493,0.071657055,0.32564303
"106",305,"China",1968,1970,2,308,0,0,0,0,"Government of China","Government of Russia (Soviet Union)",2,1,"Ussuri river",3,NA,0.15379034,0.1326977,0.6642963,1093,10,1,0.247415728,0.020525606,0.062806409,0.12859337,0.666186228,0.175335071,3.219071939,2.170385999,0.213381382,2.526261565,0.715700392,0.486258845,3.160042919,0.023099816,0.074731677,0.054780078,0.040625304,0.014415493,0.071657055,0.32564303
"107",306,"El Salvador",1968,1970,2,2107,0,0,0,0,"Government of El Salvador","Government of Honduras",2,1,"Common Border",5,NA,0.1978,NA,0.3558834,2178,3,1,0.870879932,0.079916793,0.204158348,0.310298342,0.15748855,0.064681496,0.211835436,1.382672783,0.934117979,0.432559249,-1.202920737,0.21617085,1.510792524,0.064079664,0.154648119,0.669106575,0.327069071,0.113858578,0.200830041,0.714763612
"108",308,"Philippines",1969,1991,22,10185,0,0,0,0,"Government of Philippines","MIM",3,1,"Mindanao",3,NA,0.238540732,0.8359525,0.3055925,2120,8,1,0.747439392,0.342407989,0.749717833,0.472477691,0.341458873,0.193173651,1.020023829,1.35315217,0.647959232,2.040989561,-0.764071637,0.65565571,1.741969126,0.290679409,0.59889874,2.046660462,0.575722129,0.27702612,0.416942366,0.658870237
"109",309,"Sudan",1970,1991,21,37338,0,0,0,0,"Government of Sudan","Sudanese Communist Party",3,2,NA,4,NA,0.714712,0.7189638,0.4307163,1740,2,1,0.479103094,0.049484002,0.167559071,0.142498253,0.265644256,0.077712935,2.071006706,2.21575502,0.447958701,2.306126602,0.490667822,0.252969494,2.074579008,0.052173196,0.168973248,0.266232214,0.169839236,0.052183678,0.106434107,0.341605637
"110",310,"Madagascar",1970,1972,2,128,0,0,0,0,"Government of Madagascar","Monima",3,2,NA,4,NA,0.8791,0.020432,0.5190879,1342,1,1,0.68705933,0.140654092,0.349566552,0.381852612,0.410965207,0.157111138,1.973361571,1.595505251,0.473733455,2.250337905,-0.424368307,0.516356158,1.381907612,0.152332986,0.392564319,0.89105214,0.236973823,0.103117131,0.261345129,0.580783349
"111",311,"Morocco",1970,1972,2,264,0,0,0,0,"Government of Morocco","Military faction (forces of Mohamed Madbouh)",3,2,NA,4,NA,0.484057179,0.468344,0.0034627,3012,4,1,0.686099152,0.073296655,0.231798643,0.186251432,0.284803949,0.092191146,2.247565227,1.152652705,0.454120145,2.055348215,-1.437814305,0.301570984,1.471746156,0.104070408,0.330332974,0.724615515,0.143273628,0.052645503,0.153386345,0.770741616
"112",312,"Pakistan",1970,1972,2,50000,2,0,1,0,"Government of Pakistan","Mukti Bahini",3,1,"East Pakistan",3,"Indo-Pakistani War of 1971",0.7098,0.7190371,0.3848287,NA,NA,NA,NA,NA,NA,NA,NA,NA,NA,NA,NA,NA,NA,NA,NA,NA,NA,NA,NA,NA,NA,NA
"113",313,"Sri Lanka",1970,1991,21,2285,0,0,0,0,"Government of Sri Lanka","JVP",3,2,NA,3,NA,0.415,0.4644557,0.4852962,1744,NA,NA,0.186912197,0.396789454,0.575277694,0.719137382,0.654602791,0.447985721,2.910130208,2.988575781,0.239442521,2.757757142,1.137834909,0.696297387,2.847363015,0.475977915,0.708706803,3.106917871,0.356340396,0.302720829,0.645345265,0.144356604
"114",314,"Uganda",1970,1991,21,113163,0,0,0,0,"Government of Uganda","Military faction (forces of Idi Amin)",3,2,NA,4,NA,0.930175,0.9226795,0.6332101,1449,NA,NA,0.588966357,0.072070927,0.162970628,0.220734345,0.524190868,0.174720685,1.305798307,1.997189271,0.589506443,2.170417998,-0.088142825,0.421987759,1.024650057,0.092995593,0.249675334,2.574084632,0.201788747,0.079695212,0.202766942,0.461121338
"115",315,"United Kingdom",1970,1991,21,3094,0,0,0,0,"Government of United Kingdom","PIRA",3,1,"Northern Ireland",1,NA,0.121059,0.0531693,0.6944025,15715,10,1,0.02972059,0.718888546,0.862531186,0.873088624,0.817329019,0.689831777,3.745214089,3.337882991,0.032868434,3.72841558,2.808114832,0.769557811,3.304227759,0.74302535,0.895400169,3.740552391,0.494421633,0.499792323,0.833987182,0.032335533
"116",316,"El Salvador",1971,1991,20,55300,8,8,1,1,"Government of El Salvador","Military faction (forces of Benjamin Mejia)",3,2,NA,5,"Salvadoran Civil War",0.1978,NA,0.3558834,2287,2,1,0.879823589,0.06913834,0.186487316,0.30214602,0.190515254,0.072673792,0.211835436,1.382672783,0.934117979,0.432559249,-1.202920737,0.261101258,1.367388154,0.062060382,0.150246807,0.669106575,0.380786445,0.127513772,0.192233042,0.714763612
"117",317,"Oman",1968,1976,8,1034,0,0,0,0,"Government of Oman","PFLO",4,2,NA,2,NA,0.437256,0.3567431,0.4321768,6473,NA,NA,0.452410493,0.006803558,0.025344498,0.003318998,0.099867532,0.025231148,2.843233883,1.66179549,0.501701159,0.966110911,-0.917229147,0.074366058,2.83042065,0.017722574,0.070445786,0.092774265,0.11643718,0.029258489,0.008319578,0.636890451
"118",318,"Zimbabwe (Rhodesia)",1966,1980,14,27080,26,10,1,0,"Government of Zimbabwe (Rhodesia)","ZAPU",3,2,NA,4,"Rhodesian Bush War",0.3874,0.4472268,0.736274,2595,NA,NA,0.269440481,0.072912277,0.189390231,0.253870568,0.10397448,0.048882849,3.22772514,3.118269677,0.170980246,2.891391427,0.931914434,0.111391908,2.76813166,0.118023608,0.346339377,2.088646579,0.194812502,0.075031625,0.1967775,0.147152853
"119",319,"Uruguay",1971,1973,2,111,0,0,0,0,"Government of Uruguay","MLN/Tupamaros",3,2,NA,5,NA,0.2504,0.0817223,0.3548297,7776,2,1,0.118807946,0.368867844,0.550386002,0.809188481,0.821256485,0.472067963,3.298747807,2.642421962,0.090546053,3.472454718,2.170242321,0.625002153,3.360549174,0.443452444,0.749243428,3.039356609,0.738359474,0.439615932,0.576386261,0.118105474
"120",320,"North Yemen",1971,1980,9,350,0,0,0,0,"Government of South Yemen","Government of Yemen (North Yemen)",2,3,"Common border",2,NA,NA,NA,NA,NA,2,1,0.154215373,0.030462478,0.090800275,0.137408819,0.686901397,0.183943593,2.710642817,2.967500337,0.27169796,2.768565521,0.96408617,0.470036656,3.178085904,0.116127973,0.426122716,0.512636044,0.14003817,0.041719403,0.085665302,0.160160791
"121",321,"Chile",1972,1974,2,2095,0,0,0,0,"Government of Chile","Military faction (forces of Augusto Pinochet, Toribio Merino and Leigh Guzman)",3,2,NA,5,NA,0.186146,0.1870761,0.3841057,7292,2,1,0.080399027,0.561210478,0.784426199,0.807524337,0.452408925,0.387588127,3.26294345,2.843647578,0.053857895,3.816779714,1.565685115,0.460042793,3.16596911,0.539643293,0.735117312,3.422216329,0.452316004,0.383600752,0.707203144,0.135569593
"122",322,"Bangladesh",1974,1991,17,1114,0,0,0,0,"Government of Bangladesh","JSS/SB",3,1,"Chittagong Hill Tracts",3,NA,0.045434,0.0924852,0.2090498,1036,1,1,0.76670623,0.188534506,0.344600465,0.538671609,0.365691089,0.207901223,1.882028368,0.471602971,0.511611604,2.072641853,-1.711147306,0.598300859,1.572894568,0.218881259,0.403827427,2.963867857,0.440428366,0.231280403,0.429155388,0.890529055
"123",323,"Cyprus",1973,1975,2,5000,16,7,1,0,"Government of Cyprus","Government of Turkey",2,1,"Northern Cyprus",1,"Cyprus Conflict",NA,NA,NA,10192,1,1,0.380177687,0.307615918,0.538292026,0.587297197,0.600443871,0.345260814,2.328728554,2.392152103,0.306029732,2.919648008,0.515496817,0.489963809,2.590155054,0.377259504,0.704105188,2.802744567,0.395449003,0.254151983,0.506666707,0.311425638
"124",324,"Iran",1973,1989,16,644934,13,11,1,0,"Government of Iran","Government of Iraq",2,3,"Various",2,"Iran-Iraq War",0.6684,0.7462229,0.1151954,8033,2,1,0.420705714,0.030396397,0.081772432,0.169481359,0.418887729,0.12056198,1.68116638,2.321746162,0.607580476,1.60628418,1.099568901,0.438446338,2.637058902,0.085935573,0.287081309,0.872366878,0.186878478,0.059302303,0.123690487,0.256680403
"125",325,"Pakistan",1973,1978,5,1075,0,0,0,0,"Government of Pakistan","BLF",3,1,"Balochistan",3,NA,0.7098,0.7190371,0.3848287,1613,3,1,0.750387107,0.224855138,0.676160157,0.226491845,0.331130121,0.11643606,2.029433946,1.367888997,0.580336039,1.398386633,-0.447194792,0.425138089,1.454969088,0.140866303,0.417905936,1.972844704,0.348171115,0.122032835,0.203727035,0.625667779
"126",327,"Angola",1974,1991,17,1e+05,16,10,1,0,"Government of Angola","FNLA, UNITA",4,2,NA,4,"Angolan Civil War",0.78672,0.7870192,0.6276435,NA,NA,NA,NA,NA,NA,NA,NA,NA,NA,NA,NA,NA,NA,NA,NA,NA,NA,NA,NA,NA,NA,NA
"127",328,"Cambodia",1974,1978,4,75,0,0,0,0,"Government of Cambodia (Kampuchea)","Government of Vietnam (North Vietnam)",2,1,"Common Border",3,NA,0.210464,0.2104394,0.0964534,735,NA,NA,0.632688301,0.085375583,0.244027984,0.208510516,0.182652779,0.066866926,2.191989803,0.491117055,0.356978904,2.718105292,0.328425133,0.408049413,2.044020447,0.103110167,0.313302664,1.900215875,0.185385633,0.067809435,0.174422429,0.695435004
"128",329,"Ethiopia",1963,1984,21,21050,0,0,0,0,"Government of Ethiopia","Ogaden Liberation Front",3,1,"Ogaden",4,NA,NA,NA,NA,874,1,1,0.719927101,0.024768743,0.075367294,0.153344538,0.141519411,0.044228966,0.886820352,1.438749189,0.863064139,0.438710618,-1.531756381,0.185401174,1.922355614,0.03882094,0.121899797,2.090712727,0.061528772,0.02343977,0.100827508,0.746622627
"129",330,"Indonesia",1974,1991,17,75037,2,1,1,0,"Government of Indonesia","Fretilin",3,1,"East Timor",3,"Indonesian Invasion of East Timor",0.735134,0.7679988,0.2340266,2026,1,1,0.901521855,0.109584902,0.317036833,0.352818943,0.361128642,0.13376751,0.229219728,0.674493729,0.911141458,0.630994672,-1.324750401,0.366753051,0.600621069,0.074469222,0.164020534,1.897042778,0.207531118,0.088029309,0.232890466,0.83186078
"130",331,"Morocco",1974,1990,16,2325,5,5,1,1,"Government of Morocco","POLISARIO",3,1,"Sahrawi Arab Democratic Republic (Western Sahara)",4,"Western Sahara War",0.484057179,0.468344,0.0034627,3263,4,1,0.697686972,0.082781577,0.248420509,0.20726923,0.284803949,0.096213508,2.247565227,1.152652705,0.454120145,2.055348215,-1.437814305,0.312364779,1.471746156,0.089531783,0.277078779,0.724615515,0.180981962,0.067077246,0.173999981,0.770741616
"131",332,"Mozambique",1976,1991,15,114600,0,0,0,0,"Government of Mozambique","Renamo",3,2,NA,4,NA,0.693216,0.8124972,0.675908,511,NA,NA,0.197062231,NA,0.193878849,NA,0.567872691,NA,2.472042071,2.828470518,0.358840244,2.437086815,0.389849696,0.348441852,3.047233082,NA,0.200546947,0.250089364,0.118795631,NA,NA,0.249873694
"132",333,"Afghanistan",1977,1991,14,502500,2,2,1,1,"Government of Afghanistan","PDPA",3,2,NA,3,"Afghan War",0.769344585,0.6141462,0.2716839,2116,2,1,0.556166948,0.044710564,0.144197567,0.145951422,0.290117131,0.083456446,2.618326741,1.728037128,0.396452328,1.996886877,-0.236907229,0.182711746,1.878946075,0.05654202,0.188823115,0.744062184,0.10293412,0.034244614,0.103000426,0.5289744
"133",334,"China",1973,1989,16,47071,0,0,0,0,"Government of China","Government of Vietnam (North Vietnam)",2,1,"Various",3,NA,0.15379034,0.1326977,0.6642963,1372,10,1,0.247415728,0.02041671,0.062806409,0.128069132,0.666186228,0.175582553,3.219071939,2.170385999,0.213381382,2.526261565,0.715700392,0.486258845,3.160042919,0.023002954,0.073836957,0.054780078,0.041492488,0.014605176,0.07225489,0.32564303
"134",335,"India",1978,1991,13,1075,0,0,0,0,"Government of India","TNV",3,1,"Tripura",3,NA,0.4182,0.8069049,0.3260226,1238,4,1,0.345883642,0.575679711,0.862334394,0.73173705,0.607138585,0.444506407,2.25979557,2.50621308,0.371928918,2.591382223,0.688774629,0.575558622,3.02428589,0.520261519,0.742897276,3.111544357,0.536584261,0.41338625,0.67342447,0.274939143
"135",336,"Nicaragua",1976,1991,15,40050,11,11,1,1,"Government of Nicaragua","FSLN",3,2,NA,5,NA,0.4844,0.0473181,0.4290265,4036,2,1,0.949998144,0.023253811,0.021703002,0.268103664,0.059897082,0.033770996,0.194861166,0.130722649,0.972740835,0.062973113,-2.755128957,0.325555257,1.49800505,0.039847446,0.08337505,1.917687665,0.078917876,0.038572271,0.177343047,0.972115784
"136",337,"Somalia",1981,1991,10,45125,0,0,0,0,"Government of Somalia","SSDF",3,2,NA,4,NA,0.8117,0.0325556,0.0027548,NA,2,1,0.644163487,0.024333438,0.043863308,0.267020782,0.267439819,0.085342999,1.848599996,1.756100769,0.580234637,1.640955056,-0.219581873,0.307695407,1.740315645,0.062221159,0.180193437,0.10788001,0.165209881,0.058320848,0.148426119,0.524204074
"137",338,"Iran",1978,1991,13,4020,0,0,0,0,"Government of Iran","MEK",3,2,NA,2,NA,0.6684,0.7462229,0.1151954,8009,2,1,0.401762948,0.030544799,0.081772432,0.163685322,0.418887729,0.119907416,1.68116638,2.321746162,0.607580476,1.60628418,1.099568901,0.445193248,2.780532885,0.084774992,0.284219025,0.872366878,0.186878478,0.058487532,0.118087909,0.256680403
"138",339,"Iran",1978,1981,3,50,0,0,0,0,"Government of Iran","APCO",3,1,"Arabistan",2,NA,0.6684,0.7462229,0.1151954,8009,2,1,0.401762948,0.030544799,0.081772432,0.163685322,0.418887729,0.119907416,1.68116638,2.321746162,0.607580476,1.60628418,1.099568901,0.445193248,2.780532885,0.084774992,0.284219025,0.872366878,0.186878478,0.058487532,0.118087909,0.256680403
"139",340,"Saudi Arabia",1978,1980,2,269,0,0,0,0,"Government of Saudi Arabia","JSM",3,2,NA,2,NA,0.18,0.0949183,0.1270445,27674,3,1,0.415229371,0.028622886,0.114463119,0.002902296,0.355363706,0.089348301,1.389987761,1.16056728,0.796236106,0.493195271,-0.406598763,NA,3.084174718,0.049480278,0.196630689,0.253289219,0.055279308,0.014115995,0.012704333,0.647697336
"140",341,"Liberia",1979,1991,12,10052,0,0,0,0,"Government of Liberia","Military faction (forces of Samuel Doe)",3,2,NA,4,NA,0.908388,0.9037815,0.4883031,976,3,1,0.747369395,0.221835517,0.653452036,0.33057792,0.242456358,0.097991201,1.59818356,1.89221144,0.775084282,0.533512799,-1.356608891,0.334307987,1.003481815,0.140538035,0.386850998,0.98893881,0.399365061,0.145491547,0.23512393,0.649711363
"141",342,"Spain",1977,1991,14,344,0,0,0,0,"Government of Spain","ETA",3,1,"Basque",1,NA,0.416463,0.4132178,0.4513643,12270,5,1,0.214481086,0.324533586,0.866697546,0.344354518,0.776205666,0.296989418,3.370843778,3.13122179,0.090158891,3.451595181,1.819684621,0.609342794,3.100195356,0.237183916,0.595950171,3.22806062,0.223467297,0.114531201,0.313463007,0.085923396
"142",343,"Tunisia",1979,1981,2,41,0,0,0,0,"Government of Tunisia","Rí©sistance Armí©e Tunisienne",3,2,NA,4,NA,0.0394,0.012422,0.0103731,4083,3,1,0.531651714,0.187915588,0.595138234,0.290728452,0.61397604,0.197909323,1.45979039,2.044414236,0.651755003,1.49468229,-0.349221275,0.527553718,2.877572755,0.156884453,0.473385579,0.951575601,0.21732703,0.083518436,0.202168429,0.480189499
"143",344,"Gambia",1980,1982,2,500,0,0,0,0,"Government of Gambia","NRC",4,2,NA,4,NA,0.786402,0.8076314,0.0969684,2241,1,1,0.344136258,0.263318577,0.444840771,0.618002946,0.517683666,0.296093987,2.079973043,1.876008941,0.501469657,1.904429522,-0.384197838,0.478267048,3.242447557,0.363594259,0.676565196,2.179147835,0.388614963,0.240082229,0.496232458,0.529949172
"144",345,"South Africa",1980,1989,9,4087,15,9,1,0,"Government of South Africa","ANC",3,2,NA,4,"Apartheid",0.751742872,0.86524,0.8602599,8871,NA,NA,0.428060439,0.151509413,0.45654146,0.242599121,0.080602422,0.042984129,2.323759782,1.557922032,0.346585736,2.693960521,0.207618255,0.245712588,2.608150444,0.102105434,0.285322992,2.502260118,0.44884295,0.148026121,0.198125342,0.499639052
"145",346,"Argentina",1981,1983,2,964,2,1,1,0,"Government of Argentina","Government of United Kingdom",2,1,"Malvinas/Falkland Islands",5,"Falklands War",0.255,0.0617542,0.2236207,13441,2,1,0.394043013,0.063265408,0.218210853,0.129205201,0.49840037,0.132337155,1.298379739,2.48290342,0.642122592,1.718653393,0.452604807,0.368826472,2.783720801,0.051632748,0.184964538,0.250642678,0.42781407,0.114246706,0.072531042,0.302829935
"146",347,"India",1981,1989,8,175,0,0,0,0,"Government of India","PLA",3,1,"Manipur",3,NA,0.4182,0.8069049,0.3260226,1109,4,1,0.352499527,0.56174623,0.862334394,0.708006661,0.607644542,0.436190562,2.25979557,2.50621308,0.371928918,2.591382223,0.688774629,0.572983472,2.946962885,0.495422487,0.735714958,3.111544357,0.540295532,0.404203607,0.66504348,0.274939143
"147",348,"Kenya",1981,1983,2,318,0,0,0,0,"Government of Kenya","Military faction (forces of Hezekiah Ochuka)",3,2,NA,4,NA,0.8588,0.8860157,0.776517,1966,1,1,0.894628141,0.155419554,0.465064657,0.331857894,0.436219631,0.152491514,0.851477628,0.903785915,0.870296368,0.401725596,-1.353062496,0.378709022,1.13786942,0.114275957,0.312610638,0.244308184,0.277975876,0.10520478,0.216208802,0.804806696
"148",349,"Chad",1982,1984,2,370,0,0,0,0,"Government of Chad","Government of Nigeria",2,1,"Lake Chad",4,NA,0.862016,0.8635251,0.6410788,798,1,1,0.72049419,0.014965241,0.043563053,0.13173664,0.274772354,0.076586659,0.314921675,0.898604744,0.940037386,0.223549213,-1.715191944,0.266615882,2.74175392,0.028157617,0.089650894,0.840388449,0.244312032,0.068089269,0.08285115,0.835463308
"149",350,"Grenada",1982,1984,2,176,0,0,0,0,"Government of Grenada","Government of United States of America",2,2,NA,5,NA,0.266134,NA,0.5897732,NA,2,1,NA,NA,NA,NA,NA,NA,NA,NA,NA,NA,NA,NA,NA,NA,NA,NA,NA,NA,NA,NA
"150",351,"India",1982,1991,9,16638,0,0,0,0,"Government of India","Sikh insurgents",3,1,"Punjab/Khalistan",3,NA,0.4182,0.8069049,0.3260226,1066,4,1,0.352499527,0.561858643,0.862334394,0.710947724,0.607644542,0.433781892,2.25979557,2.50621308,0.371928918,2.591382223,0.688774629,0.585658155,2.946962885,0.504193444,0.735714958,3.111544357,0.532033547,0.392704428,0.665219897,0.274939143
"151",352,"Sri Lanka",1983,1991,8,25000,0,0,0,0,"Government of Sri Lanka","LTTE, TELO",3,1,"Eelam",3,NA,0.415,0.4644557,0.4852962,2272,NA,NA,0.384744403,0.296747691,0.530962133,0.580210444,0.594215821,0.3150798,2.291164748,2.567955294,0.393436459,2.44588897,0.848688061,0.664659208,2.561204231,0.303368323,0.541671403,3.106917871,0.450933319,0.264612303,0.479800568,0.24699927
"152",353,"Cameroon",1959,1985,26,60500,0,0,0,0,"Government of Cameroon","UPC",4,2,NA,4,NA,0.86349,0.8897894,0.7337534,NA,NA,NA,NA,NA,NA,NA,NA,NA,NA,NA,NA,NA,NA,NA,NA,NA,NA,NA,NA,NA,NA,NA
"153",354,"Turkey",1983,1991,8,3400,0,0,0,0,"Government of Turkey","PKK",3,1,"Kurdistan",2,NA,0.32,0.2216339,0.0048609,7710,4,1,0.367870205,0.191272443,0.468039768,0.490025685,0.486749105,0.199905176,2.167672408,2.337016712,0.37928567,2.587419747,0.528550291,0.430762059,2.748781164,0.175955213,0.411763618,0.199860053,0.309057789,0.14096431,0.311527725,0.316682963
"154",355,"Burkina Faso",1984,1986,2,60,0,0,0,0,"Government of Burkina Faso","Government of Mali",2,1,"Agacher Strip",4,NA,0.737738,0.7227772,0.5797988,1397,4,1,0.166531475,0.160826396,0.562337299,0.175726055,0.764552462,0.228883302,3.071447511,2.835035805,0.191839483,2.923183131,0.622982284,0.632712784,3.177515969,0.123824884,0.387743655,2.866673388,0.283462343,0.094839271,0.171470862,0.22791192
"155",356,"Laos",1985,1989,4,425,0,0,0,0,"Government of Laos","Government of Thailand",2,1,"Common Border",3,NA,0.513862,0.6382066,0.5452628,1248,NA,NA,0.747589412,0.029954817,0.09919335,0.129148783,0.428423088,0.113963843,1.128134546,0.944779064,0.708010304,1.468340835,-0.665658172,0.251713187,1.652335654,0.060848865,0.22234062,0.115533885,0.144750434,0.040907352,0.070226849,0.7275717
"156",357,"Suriname",1986,1988,2,200,0,0,0,0,"Government of Suriname","SLA",3,2,NA,5,NA,0.7332,0.3309897,0.7909842,NA,1,1,0.374264994,0.115091224,0.355846189,0.191759217,0.661741207,0.203290578,2.480816482,2.475906083,0.292417196,2.85060164,0.811869864,0.76886751,3.252276874,0.186302179,0.603870025,0.448802659,0.422749373,0.135491556,0.178983518,0.266466017
"157",358,"Togo",1985,1987,2,30,0,0,0,0,"Government of Togo","MTD",3,2,NA,4,NA,0.709928,0.8980154,0.6595591,1402,4,1,0.681736351,0.044319279,0.100093328,0.264316071,0.549568718,0.163430717,0.435429535,1.766552274,0.880461652,0.692530966,0.325201603,0.548701299,1.612648969,0.067669019,0.197392576,0.178522054,0.148773012,0.054304086,0.152501612,0.448834311
"158",359,"South Yemen",1985,1987,2,10000,0,0,0,0,"Government of South Yemen","Yemenite Socialist Party - Abdul Fattah Ismail faction",3,2,NA,2,NA,NA,NA,NA,NA,9,1,0.10754716,0.032162963,0.086478238,0.180881346,0.717934071,0.204258524,2.647858678,3.47334238,0.252141165,2.959700642,1.594673833,0.52384208,3.178085904,0.129070804,0.441729408,0.462553663,0.195587401,0.06337372,0.130837064,0.05900092
"159",360,"Burkina Faso",1986,1988,2,100,0,0,0,0,"Government of Burkina Faso","Popular Front",3,2,NA,4,NA,0.737738,0.7227772,0.5797988,1713,3,1,0.164518303,0.158984691,0.562337299,0.168069367,0.764552462,0.226058377,3.071447511,2.835035805,0.191839483,2.923183131,0.622982284,0.649457652,3.195041535,0.123269708,0.391845735,2.866673388,0.283462343,0.092992431,0.162254785,0.22791192
"160",361,"Chad",1986,1988,2,8500,0,0,0,0,"Government of Chad","Government of Libya",2,1,"Aozou strip",4,NA,0.862016,0.8635251,0.6410788,1006,NA,NA,0.72049419,0.014779626,0.042258835,0.13173664,0.275453585,0.076236138,0.314921675,0.898604744,0.940037386,0.223549213,-1.715191944,0.2816169,2.74175392,0.034518672,0.114573991,0.840388449,0.244312032,0.068079743,0.08205995,0.835463308
"161",362,"Comoros",1988,1990,2,27,0,0,0,0,"Government of Comoros","Presidential guard",3,2,NA,4,NA,0,0.0102913,0.0137451,1997,1,1,0.791663602,0.16200774,0.495617437,0.308959617,0.447010555,0.155243654,1.54714302,1.145775116,0.657880675,1.355687234,-0.976326358,0.455545049,1.443856101,0.107092755,0.28466783,0.97742496,0.361214292,0.129624797,0.214765158,0.72519903
"162",363,"Ethiopia",1974,1978,4,50,0,0,0,0,"Government of Ethiopia","ALF",3,1,"Afar",4,NA,NA,NA,NA,1062,1,1,0.682483791,0.02849143,0.086681572,0.144724719,0.325049488,0.090444461,2.172188607,1.515957551,0.759997698,1.112932512,-1.291416261,0.15531197,2.002144558,0.020333785,0.061389932,2.090712727,0.062747626,0.022085454,0.091198757,0.695146666
"163",364,"India",1989,1991,2,2662,0,0,0,0,"Government of India","Kashmir insurgents",3,1,"Kashmir",3,NA,0.4182,0.8069049,0.3260226,1228,4,1,0.385801091,0.606909417,0.872964269,0.737969966,0.627807913,0.473322605,2.25979557,2.50621308,0.371928918,2.591382223,0.688774629,0.585658155,2.710261296,0.533331798,0.731926438,3.111544357,0.541189983,0.423996496,0.692383294,0.274939143
"164",365,"India",1989,1991,2,180,0,0,0,0,"Government of India","ULFA",3,1,"Assam",3,NA,0.4182,0.8069049,0.3260226,1228,4,1,0.385801091,0.606909417,0.872964269,0.737969966,0.627807913,0.473322605,2.25979557,2.50621308,0.371928918,2.591382223,0.688774629,0.585658155,2.710261296,0.533331798,0.731926438,3.111544357,0.541189983,0.423996496,0.692383294,0.274939143
"165",366,"Indonesia",1989,1991,2,2300,0,0,0,0,"Government of Indonesia","GAM",3,1,"Aceh",3,NA,0.735134,0.7679988,0.2340266,2855,3,1,0.952584281,0.096068801,0.25998396,0.306400665,0.402200658,0.136083218,0.215480166,0.403159315,0.936505916,0.383005421,-2.036871315,0.440147243,0.600621069,0.057252915,0.131081392,1.897042778,0.165917725,0.068312996,0.197594219,0.917374943
"166",367,"Panama",1988,1990,2,75,0,0,0,0,"Government of Panama","Military faction (forces of Moisí©s Giroldi)",3,2,NA,5,NA,0.5528,0.3873154,0.3337609,5966,3,1,0.826874149,0.036988224,0.099754504,0.183644158,0.506740764,0.149703537,0.321375286,0.387209948,0.646348958,2.932618544,-1.975557237,0.504564419,1.567887989,0.079131737,0.247017861,0.202630115,0.410324969,0.123235278,0.142429473,0.91862481
"167",368,"Panama",1988,1990,2,371,0,0,0,0,"Government of Panama","Government of United States of America",2,2,NA,5,NA,0.5528,0.3873154,0.3337609,5966,3,1,0.826874149,0.036988224,0.099754504,0.183644158,0.506740764,0.149703537,0.321375286,0.387209948,0.646348958,2.932618544,-1.975557237,0.504564419,1.567887989,0.079131737,0.247017861,0.202630115,0.410324969,0.123235278,0.142429473,0.91862481
"168",369,"Papua New Guinea",1989,1990,1,144,0,0,0,0,"Government of Papua New Guinea","BRA",3,1,"Bougainville",3,NA,0.2718,0.3525709,0.5522755,NA,4,1,0.622701642,0.269057144,0.481613083,0.54821919,0.449967788,0.266344566,1.15986751,1.169883604,0.745279304,1.140241768,-0.62885012,0.532453148,3.120031126,0.339342016,0.637892063,2.759037887,0.542895003,0.302947723,0.493288612,0.677422125
"169",370,"Rumania",1988,1990,2,909,0,0,0,0,"Government of Rumania","Military faction (forces of Nicolae Ceausescu), NSF",3,2,NA,1,NA,0.306870257,0.1723278,0.2372561,7223,8,1,0.442879505,0.026918536,0.022827898,0.321230503,0.837172584,0.260837608,3.199601275,0.540046823,0.452886863,0.784612577,-1.898749672,0.622383864,2.685241845,0.049633102,0.104556277,0.127397159,0.197956856,0.076503175,0.198584926,0.893336034
"170",371,"Iraq",1989,1991,2,29045,24,12,1,0,"Government of Iraq","Government of Kuwait",2,1,"Kuwait",2,"Gulf War",0.36891,0.3694473,0.4843678,7491,4,1,0.791140679,0.013702186,0.031055649,0.14014875,0.461687627,0.125025291,0.87084597,1.11984317,0.876228762,0.327075674,-1.291648944,0.386142351,2.166882255,0.057942304,0.202974482,0.14548319,0.149198441,0.044057521,0.085595048,0.764130002
"171",372,"Mali",1989,1991,2,150,0,0,0,0,"Government of Mali","MPA",3,1,"Azawad",4,NA,0.6906,0.838758,0.1819978,683,3,1,0.747506359,0.080216114,0.227743374,0.280710682,0.544505753,0.176983537,0.743368289,0.979702081,0.869899415,0.46143224,0.328535321,0.572187324,1.62144758,0.1284566,0.376880622,0.735013937,0.217226415,0.081856319,0.197416341,0.588189015
"172",374,"Rwanda",1989,1991,2,5200,0,0,0,0,"Government of Rwanda","FPR",4,2,NA,4,NA,0.3238,NA,0.5065607,1041,NA,NA,0.567208566,0.103562538,0.272310911,0.342723808,0.40721506,0.146998103,1.13617295,2.246345876,0.519341457,2.70280062,-0.601268739,0.562318971,2.216876172,0.163987019,0.468010531,1.405646481,0.165217357,0.074566684,0.230893899,0.488705562
"173",375,"Senegal",1989,1991,2,100,0,0,0,0,"Government of Senegal","MFDC",3,1,"Casamance",4,NA,0.693884,0.696083531,0.1497394,1912,5,1,0.511923493,0.421809055,0.78758238,0.585811904,0.593578162,0.342994466,2.558341173,1.417334152,0.294100059,2.767299328,0.164472477,0.785787662,1.833924966,0.381180168,0.680602906,1.786954008,0.409569767,0.263725158,0.521539424,0.529640343
"174",376,"Russia (Soviet Union)",1989,1991,2,800,0,0,0,0,"Government of Russia (Soviet Union)","Republic of Armenia",3,1,"Nagorno-Karabakh",1,NA,NA,NA,NA,20389,NA,NA,NA,NA,NA,NA,NA,NA,NA,NA,NA,NA,NA,NA,NA,NA,NA,NA,NA,NA,NA,NA
"175",377,"Russia (Soviet Union)",1989,1991,2,120,0,0,0,0,"Government of Russia (Soviet Union)","APF",3,1,"Azerbaijan",1,NA,NA,NA,NA,20389,NA,NA,NA,NA,NA,NA,NA,NA,NA,NA,NA,NA,NA,NA,NA,NA,NA,NA,NA,NA,NA,NA
"176",378,"Trinidad and Tobago",1989,1991,2,30,0,0,0,0,"Government of Trinidad and Tobago","Jamaat al-Muslimeen",3,2,NA,5,NA,0.64753,0.1251202,0.7936096,9015,2,1,0.154919249,0.586793089,0.751143971,0.827091888,0.770431304,0.600384917,2.947056491,2.441210545,0.186913384,3.096551254,1.434832151,0.84883143,3.381910865,0.635771917,0.833596301,3.510096962,0.525480149,0.459316791,0.760795451,0.205316157
"177",379,"Djibouti",1990,1991,1,200,0,0,0,0,"Government of Djibouti","FRUD",3,2,NA,4,NA,0.796166,0.6558025,0.0434568,2774,3,1,0.760047471,0.054367105,0.144529537,0.29412608,0.365164264,0.121335135,0.999854855,0.612596719,0.700628531,1.655574226,-1.263160004,0.258386055,1.89099419,0.089918742,0.24935726,1.048405459,0.144373805,0.059279864,0.18909311,0.840630379
"178",380,"Georgia",1990,1991,1,113,0,0,0,0,"Government of Georgia","National Guard and Mkhedrioni",3,2,NA,1,NA,0.492274,0.474852,0.6542991,NA,NA,NA,NA,NA,NA,NA,NA,NA,NA,NA,NA,NA,NA,NA,NA,NA,NA,NA,NA,NA,NA,NA
"179",381,"Haiti",1988,1991,3,280,0,0,0,0,"Government of Haiti","Military faction (forces of Himmler Rebu and Guy Francois)",3,2,NA,5,NA,0.095,NA,0.4703656,2528,2,1,0.865033558,0.107464835,0.2579505,0.273083636,0.26044189,0.109647685,0.793976834,0.742094121,0.885737621,0.346180014,-1.767190285,0.475846073,1.527673678,0.082160948,0.198919155,1.769033176,0.294089266,0.119683858,0.253107005,0.856821332
"180",382,"Sierra Leone",1990,1991,1,200,0,0,0,0,"Government of Sierra Leone","RUF",4,2,NA,4,NA,0.81909,0.7633926,0.5395406,1635,3,1,0.901241492,0.143038344,0.400518633,0.266920998,0.233269176,0.087542956,0.750156515,0.711944389,0.854705732,0.62449832,-1.519185353,0.275588691,1.099755093,0.088767917,0.237331426,2.397738275,0.460648335,0.154139816,0.202451949,0.840961483
"181",383,"Turkey",1990,1991,1,39,0,0,0,0,"Government of Turkey","DHKP-C",3,2,NA,2,NA,0.32,0.2216339,0.0048609,10029,4,1,0.41679316,0.419509704,0.751663618,0.681635472,0.475707219,0.303034975,2.167672408,2.337016712,0.37928567,2.587419747,0.528550291,0.460677712,2.435364125,0.388195875,0.648066244,2.138925165,0.454043768,0.300304525,0.554548839,0.316682963
"182",384,"Serbia (Yugoslavia)",1990,1991,1,63,3,3,1,1,"Government of Serbia (Yugoslavia)","Republic of Slovenia",3,1,"Slovenia",1,"Yugoslav Wars",NA,NA,NA,5342,1,1,NA,NA,NA,NA,NA,NA,NA,NA,NA,NA,NA,NA,NA,NA,NA,NA,NA,NA,NA,NA
"183",385,"Serbia (Yugoslavia)",1990,1991,1,1500,3,3,1,1,"Government of Serbia (Yugoslavia)","Croatian irregulars, Republic of Croatia",3,1,"Croatia",1,"Yugoslav Wars",NA,NA,NA,5342,1,1,NA,NA,NA,NA,NA,NA,NA,NA,NA,NA,NA,NA,NA,NA,NA,NA,NA,NA,NA,NA
"184",386,"Algeria",1990,1991,1,39,0,0,0,0,"Government of Algeria","Takfir wa'l Hijra",3,2,NA,4,NA,0.3394,0.4426619,0.0091285,8312,3,1,0.614418282,0.325782375,0.751003777,0.488147529,0.684261884,0.296336498,1.237868061,2.453547701,0.519736092,2.659916144,-0.33297423,0.452814743,1.926386287,0.150922946,0.259578138,2.827279547,0.349707253,0.177390679,0.381351139,0.410080441
"185",387,"Angola",1990,1991,1,25,0,0,0,0,"Government of Angola","FLEC-R",3,1,"Cabinda",4,NA,0.78672,0.7870192,0.6276435,2400,5,1,0.664713094,0.030732214,0.108937802,0.132229857,0.212113539,0.059805055,0.603436489,2.073615781,0.843447127,0.892244588,-0.937428753,0.520092631,2.38634145,0.068423068,0.245400262,0.141478873,0.081356741,0.025807395,0.078444421,0.566866042
"186",388,"Azerbaijan",1990,1991,1,25,0,0,0,0,"Government of Azerbaijan","Republic of Artsakh",4,1,"Artsakh (Nagorno-Karabakh)",1,NA,0.204672,0.2053919,0.4898947,NA,NA,NA,NA,NA,NA,NA,NA,NA,NA,NA,NA,NA,NA,NA,NA,NA,NA,NA,NA,NA,NA,NA
"187",389,"Bosnia and Herzegovina",1991,1991,1,0,3,3,1,1,"Government of Bosnia-Herzegovina","Serbian irregulars, Serbian Republic of Bosnia-Herzegovina",4,1,"Serb",1,"Yugoslav Wars",0.630038,0.6751031,0.6850857,NA,NA,NA,NA,NA,NA,NA,NA,NA,NA,NA,NA,NA,NA,NA,NA,NA,NA,NA,NA,NA,NA,NA
"188",390,"Croatia",1991,1991,1,0,3,3,1,1,"Government of Croatia","Serbian irregulars, Serbian Republic of Krajina",4,1,"Serb",1,"Yugoslav Wars",0.369026,0.0762839,0.4447331,NA,NA,NA,NA,NA,NA,NA,NA,NA,NA,NA,NA,NA,NA,NA,NA,NA,NA,NA,NA,NA,NA,NA
"189",392,"Georgia",1991,1991,1,0,0,0,0,0,"Government of Georgia","Republic of Abkhazia",3,1,"Abkhazia",1,NA,0.492274,0.474852,0.6542991,NA,NA,NA,NA,NA,NA,NA,NA,NA,NA,NA,NA,NA,NA,NA,NA,NA,NA,NA,NA,NA,NA,NA
"190",393,"Georgia",1991,1991,1,0,0,0,0,0,"Government of Georgia","Republic of South Ossetia",3,1,"South Ossetia",1,NA,0.492274,0.474852,0.6542991,NA,NA,NA,NA,NA,NA,NA,NA,NA,NA,NA,NA,NA,NA,NA,NA,NA,NA,NA,NA,NA,NA,NA
"191",394,"Moldova",1991,1991,1,0,0,0,0,0,"Government of Moldova","PMR",3,1,"Dniestr",1,NA,0.553478,0.5533224,0.560292,NA,NA,NA,NA,NA,NA,NA,NA,NA,NA,NA,NA,NA,NA,NA,NA,NA,NA,NA,NA,NA,NA,NA
"192",395,"Tajikistan",1991,1991,1,0,0,0,0,0,"Government of Tajikistan","PFT, UTO",3,2,NA,3,NA,0.510718,0.5473368,0.3385717,NA,NA,NA,NA,NA,NA,NA,NA,NA,NA,NA,NA,NA,NA,NA,NA,NA,NA,NA,NA,NA,NA,NA
"193",404,"Pakistan",1989,1991,2,46,0,0,0,0,"Government of Pakistan","MQM",3,2,NA,3,NA,0.7098,0.7190371,0.3848287,2468,3,1,0.767811273,0.217712476,0.453905661,0.50795531,0.344526946,0.192568224,1.79499999,1.304403631,0.716426596,0.708956024,-1.142101377,0.494173338,1.94203794,0.22957251,0.453184258,1.738922364,0.536555241,0.261388711,0.412017947,0.718361629
"194",413,"Ethiopia",1976,1991,15,325,0,0,0,0,"Government of Ethiopia","OLF",3,1,"Oromiya",4,NA,NA,NA,NA,1041,1,1,0.604735933,0.038652619,0.118460758,0.132106314,0.464580408,0.124655931,2.120157661,1.513794102,0.466364456,2.117240128,-0.998274705,0.182435618,2.002144558,0.014725009,0.03947821,2.090712727,0.053493699,0.018146956,0.078504369,0.668368515
"195",421,"India",1988,1991,3,126,0,0,0,0,"Government of India","ABSU",3,1,"Bodoland",3,NA,0.4182,0.8069049,0.3260226,1168,4,1,0.385801091,0.607692699,0.872964269,0.737225397,0.635974335,0.478131092,2.25979557,2.50621308,0.371928918,2.591382223,0.688774629,0.599732721,2.710261296,0.535986565,0.740637936,3.111544357,0.541189983,0.424063602,0.691996127,0.274939143
"196",426,"Israel",1989,1991,2,70,0,0,0,0,"Government of Israel","Hezbollah",3,1,"Southern Lebanon",2,NA,0.343593723,0.5524736,0.3468543,20147,2,1,0.211991282,0.582976739,0.761840201,0.846944793,0.743198019,0.581243177,3.120516435,2.728283688,0.180925933,2.911888925,1.064662935,0.822294533,3.29102,0.62255486,0.842236254,3.383320864,0.590203794,0.486531798,0.741609246,0.195281201
"197",427,"Tanzania",1977,1979,2,25,0,0,0,0,"Government of Tanzania","Government of Uganda",2,1,"Kagera Salient",4,NA,0.735296,0.8982636,0.6334385,2406,1,1,0.240279049,0.20357011,0.574764535,0.328362026,0.809268682,0.267861659,3.318971462,3.220665813,0.08035376,3.530802974,2.441793116,0.676916822,2.244390039,0.241010063,0.716015445,0.500666117,0.135034241,0.066075863,0.235790239,0.051075513
"198",428,"Mauritania",1974,1979,5,100,0,0,0,0,"Government of Mauritania","POLISARIO",3,1,"Sahrawi Arab Democratic Republic (Western Sahara)",4,NA,0.615,0.3259653,0.0148691,1846,2,1,0.616384181,0.125737288,0.359889002,0.305116641,0.496813939,0.167653417,2.435515128,1.237242868,0.260605717,3.08875662,-0.813370503,0.397413217,1.106959016,0.129007993,0.366364531,0.304575614,0.211869503,0.083618503,0.212460669,0.692737121
"199",430,"Niger",1990,1991,1,40,0,0,0,0,"Government of Niger","FLAA",3,2,NA,4,NA,0.651762,0.6519471,0.2012649,897,4,1,0.593387723,0.226862127,0.48044886,0.431614037,0.649589008,0.285072693,1.357491212,0.988229399,0.684273045,1.44511975,-1.087404402,0.61020449,1.974396071,0.241161738,0.521519353,2.671687805,0.372086696,0.183780671,0.378405092,0.76696912
"200",431,"Afghanistan",1978,1980,2,24,0,0,0,0,"Government of Afghanistan","Government of Russia (Soviet Union)",2,2,NA,3,NA,0.769344585,0.6141462,0.2716839,2215,3,1,0.566474433,0.037176606,0.116871664,0.136582174,0.355215705,0.098439379,2.501572741,1.668728266,0.475095341,1.618569455,-0.439557203,0.218376128,1.86210508,0.036767762,0.1197804,0.744062184,0.096566577,0.030306973,0.087288422,0.567956886
"201",436,"Ethiopia",1976,1981,5,100,0,0,0,0,"Government of Ethiopia","SALF",3,1,"Arssi, Bale & Sidamo",4,NA,NA,NA,NA,1041,1,1,0.604735933,0.038652619,0.118460758,0.132106314,0.464580408,0.124655931,2.120157661,1.513794102,0.466364456,2.117240128,-0.998274705,0.182435618,2.002144558,0.014725009,0.03947821,2.090712727,0.053493699,0.018146956,0.078504369,0.668368515
"202",437,"Ethiopia",1982,1984,2,25,0,0,0,0,"Government of Ethiopia","SLM",3,1,"Sidamaland",4,NA,NA,NA,NA,1048,7,1,0.604735933,0.038585354,0.118460758,0.133729743,0.469967992,0.126350546,2.120157661,1.513794102,0.466364456,2.117240128,-0.998274705,0.182435618,2.002144558,0.015234041,0.041625729,2.090712727,0.057380083,0.019386806,0.077997138,0.668368515
"203",440,"Myanmar",1972,1983,11,250,0,0,0,0,"Government of Myanmar (Burma)","LNUP",3,1,"Lahu",3,NA,0.506186,0.5072459,0.1973855,853,NA,NA,0.839335829,0.023474089,0.079273116,0.126538193,0.183900015,0.051137164,0.521031175,0.919718984,0.900680156,0.433490379,-1.23751028,0.142365267,1.605437027,0.015124136,0.043788847,0.119399087,0.151703794,0.042761324,0.070321247,0.78465093
"204",11343,"Egypt",1966,1974,8,15307,12,5,1,0,"Government of Egypt","Government of Israel",2,1,"Suez/Sinai",2,"Six-Day War",0.183592,0.023699,0.19788,2017,5,1,0.621225873,0.135473924,0.415023538,0.308330844,0.451201917,0.148736583,1.897469503,1.394337701,0.496156165,2.09615608,-0.900437033,0.37922269,1.860389616,0.151805112,0.467949558,2.008657647,0.14865041,0.061289747,0.191933299,0.672049406
"205",11447,"Ethiopia",1990,1991,1,25,0,0,0,0,"Government of Ethiopia","IGLF",3,1,"Hararghe",4,NA,NA,NA,NA,979,6,1,0.521002853,0.050824485,0.118460758,0.279498614,0.459586168,0.141727974,2.122236611,1.652129567,0.466838144,2.117240128,-0.998274705,0.183297163,2.002144558,0.03445096,0.074395054,2.090712727,0.059284865,0.030521083,0.161103353,0.64104089
"206",11475,"Myanmar",1990,1991,1,25,0,0,0,0,"Government of Myanmar (Burma)","NSCN-K",3,1,"Nagaland",3,NA,0.506186,0.5072459,0.1973855,999,NA,NA,0.892594289,0.028883064,0.066255818,0.17432869,0.243113095,0.07425093,0.474021737,0.717120625,0.928315591,0.233572915,-1.23751028,0.268885056,1.230170134,0.022987667,0.048643512,1.325500743,0.173731199,0.056479624,0.125129398,0.817008888
"207",11884,"Hyderabad",1946,1949,3,2000,0,0,0,0,"Government of Hyderabad","CPI",3,2,NA,3,NA,0.4182,0.8069049,0.3260226,NA,NA,NA,NA,NA,NA,NA,NA,NA,NA,NA,NA,NA,NA,NA,NA,NA,NA,NA,NA,NA,NA,NA
